{"cameraMode":{"drawMode":0,"name":"Shaded","section":"Shading Mode"},"sceneLighting":true,"audioPlay":false,"sceneViewState":{"m_AlwaysRefresh":false,"showFog":true,"showSkybox":true,"showFlares":true,"showImageEffects":true,"showParticleSystems":true,"showVisualEffectGraphs":true,"m_FxEnabled":true},"in2DMode":false,"pivot":{"x":0.07847045361995697,"y":0.7189178466796875,"z":6.538872241973877},"rotation":{"x":0.6255872845649719,"y":0.004680847283452749,"z":-0.0037535701412707569,"w":0.7801315188407898},"size":11.085041999816895,"orthographic":false}