{"cameraMode":{"drawMode":0,"name":"Shaded","section":"Shading Mode"},"sceneLighting":true,"audioPlay":false,"sceneViewState":{"m_AlwaysRefresh":false,"showFog":true,"showSkybox":true,"showFlares":true,"showImageEffects":true,"showParticleSystems":true,"showVisualEffectGraphs":true,"m_FxEnabled":true},"in2DMode":false,"pivot":{"x":-1.06406569480896,"y":0.7501697540283203,"z":2.068264961242676},"rotation":{"x":0.6255872845649719,"y":0.004680847283452749,"z":-0.0037535701412707569,"w":0.7801315188407898},"size":11.20608139038086,"orthographic":false}