{"cameraMode":{"drawMode":0,"name":"Shaded","section":"Shading Mode"},"sceneLighting":false,"audioPlay":false,"sceneViewState":{"m_AlwaysRefresh":false,"showFog":true,"showSkybox":false,"showFlares":true,"showImageEffects":true,"showParticleSystems":true,"showVisualEffectGraphs":true,"m_FxEnabled":true},"in2DMode":false,"pivot":{"x":0.424633264541626,"y":2.4313416481018068,"z":24.093069076538087},"rotation":{"x":0.09837765246629715,"y":0.09597918391227722,"z":-0.009533099830150605,"w":0.9904646873474121},"size":8.842460632324219,"orthographic":false}