{"cameraMode":{"drawMode":0,"name":"Shaded","section":"Shading Mode"},"sceneLighting":false,"audioPlay":false,"sceneViewState":{"m_AlwaysRefresh":false,"showFog":true,"showSkybox":false,"showFlares":true,"showImageEffects":true,"showParticleSystems":true,"showVisualEffectGraphs":true,"m_FxEnabled":true},"in2DMode":false,"pivot":{"x":-0.29186534881591799,"y":-0.47103190422058108,"z":4.250287055969238},"rotation":{"x":0.24117539823055268,"y":-0.7483460307121277,"z":0.3587276041507721,"w":0.503119170665741},"size":1.9374130964279175,"orthographic":false}